name,team,ERA,G,W,L,SV,HLD,WPCT,IP,H,HR,BB,HBP,SO,R,ER,WHIP,ERA,GS,Wgs,Wgr,GF,SVO,TS,GDP,GO,AO,GO/AO
김윤환,넥센,0,1,0,0,0,0,-,1,0,0,1,0,0,0,0,1,0,0,0,0,0,0,0,0,1,2,0.5
김정인,넥센,0,2,0,0,0,0,-,2,3,0,3,1,1,0,0,3,0,1,0,0,1,0,0,0,4,1,4
유재훈,넥센,0,1,0,0,0,0,-,1/3,0,0,2,0,1,0,0,6,0,0,0,0,0,0,0,0,0,0,-
김세현,넥센,2.6,62,2,0,36,0,1,62 1/3,66,2,7,0,50,19,18,1.17,2.6,0,0,2,53,44,6,5,67,61,1.1
하영민,넥센,3.14,11,1,1,0,1,0.5,28 2/3,33,2,9,2,15,12,10,1.47,3.14,1,0,1,3,2,0,5,36,25,1.44
황덕균,넥센,3.31,7,1,0,0,0,1,16 1/3,13,3,7,1,3,6,6,1.22,3.31,0,0,1,2,0,0,2,23,20,1.15
밴헤켄,넥센,3.38,12,7,3,0,0,0.7,72,55,10,19,5,81,29,27,1.03,3.38,12,7,0,0,0,0,5,56,68,0.82
코엘로,넥센,3.77,12,6,5,0,0,0.545,62,50,6,42,2,46,29,26,1.48,3.77,12,6,0,0,0,0,1,49,79,0.62
신재영,넥센,3.9,30,15,7,0,0,0.682,168 2/3,192,19,21,11,99,76,73,1.26,3.9,30,15,0,0,0,0,7,150,238,0.63
정용준,넥센,4,5,0,0,0,0,-,9,8,1,5,0,3,5,4,1.44,4,0,0,0,3,0,0,0,8,16,0.5
마정길,넥센,4.1,61,6,1,0,12,0.857,63 2/3,61,10,34,4,52,33,29,1.49,4.1,0,0,6,11,10,0,4,37,92,0.4
오주원,넥센,4.41,55,3,2,2,7,0.6,51,50,3,17,4,40,25,25,1.31,4.41,0,0,3,11,14,1,4,56,49,1.14
이보근,넥센,4.45,67,5,7,0,25,0.417,64 2/3,69,3,27,6,56,36,32,1.48,4.45,0,0,5,7,28,0,6,82,48,1.71
박종윤,넥센,4.5,1,0,0,0,0,-,2,5,0,2,0,0,1,1,3.5,4.5,1,0,0,0,0,0,0,4,2,2
김상수,넥센,4.62,67,6,5,0,21,0.545,74,77,6,34,1,76,40,38,1.5,4.62,0,0,6,4,29,0,3,70,70,1
금민철,넥센,5.13,14,1,1,0,0,0.5,26 1/3,36,2,9,1,16,16,15,1.71,5.13,2,0,1,8,0,0,1,37,23,1.61
맥그레거,넥센,5.2,14,6,3,0,0,0.667,90,108,13,20,2,61,56,52,1.42,5.2,14,6,0,0,0,0,9,119,74,1.61
김정훈,넥센,5.26,34,1,5,0,0,0.167,63 1/3,71,9,29,6,28,44,37,1.58,5.26,4,1,0,11,0,0,6,58,90,0.64
박주현,넥센,6.35,30,7,5,0,0,0.583,119,153,19,37,8,71,89,84,1.6,6.35,23,6,1,3,0,0,13,109,153,0.71
정회찬,넥센,6.52,11,0,0,0,0,-,9 2/3,8,0,9,2,2,7,7,1.76,6.52,0,0,0,5,1,0,1,9,17,0.53
이정훈,넥센,7,15,0,3,0,1,0,18,32,3,5,0,8,14,14,2.06,7,0,0,0,10,1,0,3,22,19,1.16
최원태,넥센,7.23,17,2,3,0,0,0.4,61,89,6,23,6,42,51,49,1.84,7.23,11,2,0,3,0,0,4,61,70,0.87
김택형,넥센,7.62,32,2,2,0,7,0.5,28 1/3,41,6,11,0,35,26,24,1.84,7.62,0,0,2,2,11,0,1,32,13,2.46
양훈,넥센,8.28,20,1,6,0,0,0.143,70 2/3,119,10,27,1,24,71,65,2.07,8.28,13,1,0,3,0,0,7,94,79,1.19
강윤구,넥센,18,1,0,0,0,0,-,1,1,1,1,0,0,2,2,2,18,1,0,0,0,0,0,0,1,2,0.5
박정준,넥센,19.29,7,0,0,0,0,-,4 2/3,8,0,6,1,3,10,10,3,19.29,0,0,0,4,0,0,0,6,5,1.2
이용찬,두산,2.7,5,1,0,0,2,1,6 2/3,7,0,0,0,5,2,2,1.05,2.7,0,0,1,3,2,0,1,8,6,1.33
니퍼트,두산,2.95,28,22,3,0,0,0.88,167 2/3,151,15,57,9,142,61,55,1.24,2.95,27,21,1,1,0,0,13,171,164,1.04
정재훈,두산,3.27,46,1,5,2,23,0.167,52 1/3,43,3,17,5,56,21,19,1.15,3.27,0,0,1,6,32,0,4,42,55,0.76
장원준,두산,3.32,27,15,6,0,0,0.714,168,161,14,76,9,137,66,62,1.41,3.32,27,15,0,0,0,0,22,196,141,1.39
보우덴,두산,3.8,30,18,7,0,0,0.72,180,159,17,54,6,160,83,76,1.18,3.8,30,18,0,1,0,0,14,162,189,0.86
윤명준,두산,3.95,55,4,0,2,11,1,57,51,5,17,3,39,25,25,1.19,3.95,0,0,4,9,17,1,3,74,53,1.4
유희관,두산,4.41,30,15,6,0,0,0.714,185 2/3,212,22,58,6,102,95,91,1.45,4.41,29,15,0,0,0,0,19,188,231,0.81
이현승,두산,4.84,56,1,4,25,1,0.2,57 2/3,65,8,17,7,41,36,31,1.42,4.84,0,0,1,42,34,2,4,71,56,1.27
진야곱,두산,4.94,55,5,2,1,4,0.714,62,68,8,40,1,56,38,34,1.74,4.94,2,0,5,15,8,0,4,65,59,1.1
김강률,두산,5.14,25,0,2,0,4,0,28,31,2,17,2,21,18,16,1.71,5.14,0,0,0,5,5,0,7,34,19,1.79
홍상삼,두산,5.25,11,0,1,5,1,0,12,12,0,9,0,17,7,7,1.75,5.25,0,0,0,6,7,0,1,5,11,0.45
박성민,두산,5.4,4,0,0,0,0,-,3 1/3,5,1,2,0,3,2,2,2.1,5.4,0,0,0,2,0,0,1,3,2,1.5
이용호,두산,5.4,1,0,0,0,0,-,1 2/3,3,0,1,0,0,1,1,2.4,5.4,0,0,0,0,0,0,1,2,3,0.67
고원준,두산,5.47,14,1,1,0,1,0.5,24 2/3,31,2,11,5,21,15,15,1.7,5.47,4,1,0,5,2,0,2,23,23,1
허준혁,두산,5.64,28,4,7,0,0,0.364,89 1/3,106,17,39,7,56,61,56,1.62,5.64,15,4,0,2,2,0,8,116,84,1.38
김성배,두산,6.03,39,0,1,1,5,0,37 1/3,59,5,19,2,27,26,25,2.09,6.03,0,0,0,10,11,0,6,37,40,0.93
오현택,두산,6.1,20,1,0,0,4,1,20 2/3,29,3,3,2,17,14,14,1.55,6.1,0,0,1,3,5,0,4,20,19,1.05
고봉재,두산,6.17,25,3,0,0,0,1,23 1/3,32,1,2,3,18,17,16,1.46,6.17,0,0,3,12,1,0,5,23,23,1
함덕주,두산,6.23,15,0,0,0,0,-,8 2/3,10,0,11,0,7,6,6,2.42,6.23,0,0,0,3,3,0,1,9,8,1.13
안규영,두산,6.61,16,1,2,0,0,0.333,47 2/3,73,6,24,4,24,36,35,2.03,6.61,9,1,0,0,0,0,9,44,58,0.76
이현호,두산,7.09,41,0,2,0,0,0,47,63,5,20,5,32,37,37,1.77,7.09,1,0,0,12,2,0,4,44,57,0.77
홍영현,두산,7.11,6,1,0,0,0,1,6 1/3,9,1,6,0,6,6,5,2.37,7.11,0,0,1,1,1,0,2,8,4,2
강동연,두산,8.22,11,0,0,0,0,-,7 2/3,9,2,6,0,6,8,7,1.96,8.22,0,0,0,7,1,0,0,9,5,1.8
조승수,두산,10.8,7,0,0,0,0,-,8 1/3,13,2,4,4,2,10,10,2.04,10.8,0,0,0,3,0,0,1,9,14,0.64
이정민,롯데,3.16,67,5,2,2,9,0.714,77,83,6,21,5,60,29,27,1.35,3.16,0,0,5,14,9,0,12,83,69,1.2
배장호,롯데,3.8,19,0,0,0,1,-,23 2/3,26,1,10,4,11,10,10,1.52,3.8,0,0,0,3,1,0,4,30,23,1.3
손승락,롯데,4.26,48,7,3,20,0,0.7,50 2/3,61,5,24,3,48,25,24,1.68,4.26,0,0,7,40,26,2,6,55,33,1.67
레일리,롯데,4.34,31,8,10,0,0,0.444,184 2/3,207,21,51,17,147,105,89,1.4,4.34,31,8,0,1,0,0,19,218,160,1.36
홍성민,롯데,4.46,52,1,1,2,5,0.5,42 1/3,45,5,16,1,30,24,21,1.44,4.46,0,0,1,8,11,1,3,41,51,0.8
정대현,롯데,5.19,24,1,0,0,8,1,17 1/3,24,3,13,0,7,10,10,2.13,5.19,0,0,1,3,7,0,1,20,20,1
린드블럼,롯데,5.28,30,10,13,0,0,0.435,177 1/3,197,28,77,9,148,109,104,1.55,5.28,30,10,0,1,0,0,11,186,168,1.11
강영식,롯데,5.4,24,0,2,0,5,0,11 2/3,13,2,9,0,11,8,7,1.89,5.4,0,0,0,1,9,0,2,6,16,0.38
박시영,롯데,5.4,42,2,3,0,1,0.4,61 2/3,64,6,29,2,57,38,37,1.51,5.4,2,1,1,12,4,0,3,61,63,0.97
박세웅,롯데,5.76,27,7,12,0,0,0.368,139,160,17,62,6,133,97,89,1.6,5.76,27,7,0,0,0,0,16,127,131,0.97
박진형,롯데,5.81,39,6,2,0,3,0.75,93,101,9,54,13,78,65,60,1.67,5.81,14,5,1,4,2,0,7,94,93,1.01
윤길현,롯데,6,62,7,7,2,16,0.5,60,75,8,22,2,50,42,40,1.62,6,0,0,7,14,29,0,3,53,71,0.75
박한길,롯데,6.06,9,0,0,0,0,-,16 1/3,24,1,7,1,10,15,11,1.9,6.06,0,0,0,6,0,0,3,24,12,2
김유영,롯데,6.55,46,0,1,1,3,0,34 1/3,37,3,30,0,31,32,25,1.95,6.55,0,0,0,8,6,0,1,40,30,1.33
노경은,롯데,6.85,22,3,12,0,0,0.2,94 2/3,128,13,48,5,52,79,72,1.86,6.85,20,3,0,0,1,0,10,122,93,1.31
이성민,롯데,7.08,36,6,5,0,1,0.545,68 2/3,89,11,42,4,47,59,54,1.91,7.08,6,3,3,12,0,0,12,81,61,1.33
김성재,롯데,7.36,6,0,0,0,0,-,3 2/3,5,2,2,0,3,3,3,1.91,7.36,0,0,0,2,0,0,1,2,4,0.5
송승준,롯데,8.71,10,1,2,0,0,0.333,41 1/3,62,6,21,2,35,43,40,2.01,8.71,10,1,0,0,0,0,4,50,30,1.67
이명우,롯데,9.27,45,2,3,0,6,0.4,33,41,5,18,1,25,37,34,1.79,9.27,2,0,2,6,7,0,1,44,25,1.76
김원중,롯데,9.39,3,0,1,0,0,0,7 2/3,7,2,8,0,5,8,8,1.96,9.39,2,0,0,0,0,0,0,4,13,0.31
강승현,롯데,9.72,6,0,0,0,0,-,8 1/3,14,2,5,0,7,9,9,2.28,9.72,0,0,0,4,0,0,1,8,9,0.89
이경우,롯데,13.5,1,0,0,0,0,-,2,3,1,0,0,1,3,3,1.5,13.5,0,0,0,0,0,0,0,4,1,4
차재용,롯데,20.25,2,0,0,0,0,-,2 2/3,3,1,4,0,0,6,6,2.63,20.25,0,0,0,1,0,0,1,4,3,1.33
김승현,삼성,0,2,0,0,0,0,-,2,1,0,0,0,1,0,0,0.5,0,0,0,0,2,0,0,0,4,1,4
심창민,삼성,2.97,62,2,6,25,4,0.25,72 2/3,59,6,26,4,76,29,24,1.17,2.97,0,0,2,42,34,2,2,50,87,0.57
신용운,삼성,3.38,13,0,0,0,2,-,8,12,0,4,3,7,7,3,2,3.38,0,0,0,2,2,0,2,9,8,1.13
김현우,삼성,3.48,17,1,0,0,0,1,20 2/3,26,3,4,2,19,9,8,1.45,3.48,0,0,1,7,0,0,1,15,25,0.6
김건한,삼성,3.72,3,1,0,0,0,1,9 2/3,9,1,3,1,7,5,4,1.24,3.72,3,1,0,0,0,0,0,10,14,0.71
권오준,삼성,3.88,41,1,3,0,7,0.25,46 1/3,48,9,11,3,35,20,20,1.27,3.88,0,0,1,8,7,0,3,36,55,0.65
박민규,삼성,4.26,6,0,0,0,0,-,6 1/3,7,0,5,0,4,3,3,1.89,4.26,0,0,0,4,0,0,2,6,7,0.86
윤성환,삼성,4.35,28,11,10,0,0,0.524,180,202,25,41,13,85,95,87,1.35,4.35,28,11,0,1,0,0,18,168,247,0.68
차우찬,삼성,4.73,24,12,6,0,0,0.667,152 1/3,168,16,65,8,120,87,80,1.53,4.73,24,12,0,1,0,0,17,146,154,0.95
김대우,삼성,5.05,67,6,0,0,11,1,66,82,8,19,6,37,39,37,1.53,5.05,0,0,6,7,11,0,7,66,85,0.78
장필준,삼성,5.13,56,4,6,4,9,0.4,72,82,9,26,5,57,42,41,1.5,5.13,1,0,4,18,13,0,9,75,69,1.09
임대한,삼성,5.14,26,0,1,0,0,0,28,33,2,14,2,13,18,16,1.68,5.14,0,0,0,10,0,0,7,33,29,1.14
웹스터,삼성,5.7,12,4,4,0,0,0.5,71,72,10,47,3,59,48,45,1.68,5.7,12,4,0,0,0,0,9,94,47,2
백정현,삼성,5.77,70,6,3,0,9,0.667,68 2/3,73,9,30,2,77,44,44,1.5,5.77,4,2,4,8,12,0,0,54,67,0.81
안지만,삼성,5.79,31,2,5,5,5,0.286,37 1/3,44,9,15,4,41,26,24,1.58,5.79,0,0,2,11,11,0,1,24,43,0.56
정인욱,삼성,6.81,27,4,7,0,0,0.364,111,138,19,62,8,70,92,84,1.8,6.81,23,4,0,2,0,0,6,102,153,0.67
장원삼,삼성,7.01,26,5,8,0,2,0.385,78 1/3,114,16,23,2,53,69,61,1.75,7.01,13,2,3,1,2,0,6,82,85,0.96
김기태,삼성,7.08,17,4,4,0,0,0.5,75,94,20,22,10,34,61,59,1.55,7.08,15,4,0,1,0,0,3,73,108,0.68
박근홍,삼성,7.46,60,0,2,0,9,0,41,42,5,27,4,40,34,34,1.68,7.46,0,0,0,8,16,0,1,24,51,0.47
플란데,삼성,7.6,13,2,6,0,0,0.25,68 2/3,92,13,33,1,56,66,58,1.82,7.6,13,2,0,0,0,0,4,86,59,1.46
김동호,삼성,7.64,33,0,1,0,2,0,33,46,5,14,3,21,28,28,1.82,7.64,0,0,0,9,2,0,7,44,26,1.69
벨레스터,삼성,8.03,3,0,3,0,0,0,12 1/3,20,1,12,0,5,14,11,2.59,8.03,3,0,0,0,0,0,2,14,15,0.93
레온,삼성,11.25,2,0,1,0,0,0,8,16,2,1,1,7,10,10,2.13,11.25,2,0,0,0,0,0,1,4,9,0.44
최충연,삼성,12.91,3,0,2,0,0,0,7 2/3,11,2,11,0,6,11,11,2.87,12.91,3,0,0,0,0,0,0,14,3,4.67
조현근,삼성,13.5,3,0,0,0,0,-,5 1/3,12,2,3,1,5,8,8,2.81,13.5,0,0,0,1,0,0,0,3,7,0.43
임현준,삼성,36,2,0,0,0,0,-,1,4,1,0,1,0,4,4,4,36,0,0,0,1,0,0,0,2,1,2
정우람,한화,3.33,61,8,5,16,1,0.615,81,64,7,26,4,85,33,30,1.11,3.33,0,0,8,41,24,2,1,58,84,0.69
권혁,한화,3.87,66,6,2,3,13,0.75,95 1/3,93,5,42,7,77,45,41,1.42,3.87,0,0,6,14,15,0,10,80,109,0.73
로저스,한화,4.3,6,2,3,0,0,0.4,37 2/3,42,3,12,2,24,22,18,1.43,4.3,6,2,0,1,0,0,2,49,29,1.69
장민재,한화,4.68,48,6,6,0,1,0.5,119 1/3,133,15,67,4,92,66,62,1.68,4.68,13,5,1,9,1,0,15,140,104,1.35
정대훈,한화,4.89,36,1,0,0,0,1,38 2/3,47,3,10,1,26,24,21,1.47,4.89,0,0,1,12,0,0,2,43,42,1.02
이태양,한화,4.97,29,5,8,1,0,0.385,112 1/3,128,15,62,3,60,66,62,1.69,4.97,25,5,0,1,1,0,16,120,132,0.91
송창식,한화,4.98,66,8,5,0,8,0.615,97 2/3,97,10,45,10,77,61,54,1.45,4.98,1,0,8,4,6,0,6,74,130,0.57
송신영,한화,5.02,11,0,1,0,0,0,14 1/3,24,1,2,1,7,8,8,1.81,5.02,3,0,0,4,0,0,3,16,15,1.07
송창현,한화,5.06,11,0,0,0,0,-,10 2/3,9,0,6,0,11,6,6,1.41,5.06,0,0,0,1,0,0,0,9,11,0.82
이동걸,한화,5.4,5,0,0,0,0,-,5,6,2,2,0,1,3,3,1.6,5.4,0,0,0,2,0,0,0,8,6,1.33
박정진,한화,5.57,77,4,4,0,6,0.5,84,96,11,33,2,85,58,52,1.54,5.57,1,0,4,7,7,0,10,76,75,1.01
심수창,한화,5.96,66,5,5,2,6,0.5,113 1/3,138,14,58,4,76,86,75,1.73,5.96,10,1,4,10,6,0,13,122,119,1.03
이재우,한화,6.04,15,0,1,0,0,0,25 1/3,34,9,14,3,18,20,17,1.89,6.04,3,0,0,6,0,0,4,21,31,0.68
서캠프,한화,6.31,17,2,5,1,0,0.286,41 1/3,54,5,17,5,36,32,29,1.72,6.31,8,0,2,2,2,0,0,35,45,0.78
송은범,한화,6.42,30,2,11,0,1,0.154,122,159,13,49,5,85,95,87,1.7,6.42,27,2,0,0,0,0,9,155,104,1.49
카스티요,한화,6.43,20,7,4,0,0,0.636,84,106,7,40,10,60,62,60,1.74,6.43,15,5,2,1,1,0,9,95,79,1.2
윤규진,한화,6.82,41,7,7,1,3,0.5,100 1/3,125,19,54,8,74,78,76,1.78,6.82,16,4,3,4,4,0,10,84,118,0.71
정재원,한화,7.59,14,0,0,0,0,-,21 1/3,28,2,9,1,16,19,18,1.73,7.59,0,0,0,9,0,0,1,28,20,1.4
김경태,한화,7.71,10,0,0,0,0,-,11 2/3,17,2,9,0,12,10,10,2.23,7.71,0,0,0,5,0,0,1,12,8,1.5
마에스트리,한화,9.42,9,2,2,0,0,0.5,28 2/3,37,4,34,1,23,37,30,2.48,9.42,8,2,0,0,0,0,2,27,32,0.84
김범수,한화,9.53,5,1,0,0,0,1,5 2/3,6,1,6,1,5,6,6,2.12,9.53,0,0,1,3,0,0,0,3,9,0.33
김용주,한화,9.77,17,0,2,0,0,0,15 2/3,19,2,15,0,12,18,17,2.17,9.77,2,0,0,4,0,0,2,14,18,0.78
김재영,한화,10.32,11,0,0,0,0,-,11 1/3,18,2,8,3,4,14,13,2.29,10.32,2,0,0,2,0,0,3,12,13,0.92
김민우,한화,15.83,5,0,3,0,0,0,9 2/3,21,2,8,0,7,18,17,3,15.83,3,0,0,1,0,0,0,5,14,0.36
안영명,한화,20.25,2,0,1,0,0,0,2 2/3,9,0,4,0,1,10,6,4.88,20.25,1,0,0,0,0,0,0,3,5,0.6
황재규,한화,24.55,2,0,0,0,0,-,3 2/3,10,1,2,1,2,11,10,3.27,24.55,0,0,0,1,0,0,0,3,6,0.5
윤석민,KIA,3.19,16,2,2,1,6,0.5,31,36,1,8,5,26,14,11,1.42,3.19,3,1,1,5,7,0,3,32,32,1
헥터,KIA,3.4,31,15,5,0,0,0.75,206 2/3,211,7,51,6,139,88,78,1.27,3.4,31,15,0,3,0,0,14,225,223,1.01
최영필,KIA,3.61,54,4,3,2,10,0.571,57 1/3,74,6,8,3,54,26,23,1.43,3.61,3,0,4,9,14,0,4,45,64,0.7
양현종,KIA,3.68,31,10,12,0,0,0.455,200 1/3,191,19,77,2,146,96,82,1.34,3.68,31,10,0,3,0,0,21,213,205,1.04
임창용,KIA,4.37,34,3,3,15,0,0.5,35,45,5,10,1,38,18,17,1.57,4.37,0,0,3,25,21,2,3,25,38,0.66
김진우,KIA,4.8,11,2,1,0,2,0.667,15,16,3,5,2,10,8,8,1.4,4.8,0,0,2,1,2,0,1,19,13,1.46
김명찬,KIA,4.85,11,0,0,0,1,-,13,17,1,4,1,10,7,7,1.62,4.85,0,0,0,4,0,0,1,20,7,2.86
한승혁,KIA,4.86,36,3,2,1,9,0.6,33 1/3,36,3,19,2,31,21,18,1.65,4.86,0,0,3,7,8,1,2,26,35,0.74
홍건희,KIA,4.98,50,4,4,4,5,0.5,90 1/3,103,10,41,1,83,53,50,1.59,4.98,9,3,1,16,15,0,5,72,104,0.69
김광수,KIA,5.16,54,2,6,7,14,0.25,52 1/3,67,5,22,0,39,31,30,1.7,5.16,0,0,2,13,25,1,7,48,62,0.77
지크,KIA,5.27,30,10,13,0,0,0.435,152,188,16,68,5,125,104,89,1.68,5.27,29,10,0,1,0,0,16,155,155,1
김윤동,KIA,5.43,31,0,3,2,2,0,53,48,9,38,3,47,33,32,1.62,5.43,5,0,0,10,5,1,3,55,50,1.1
정동현,KIA,6,9,1,2,0,0,0.333,18,20,2,6,2,4,13,12,1.44,6,3,1,0,2,1,0,2,24,22,1.09
임기준,KIA,6.03,19,0,2,1,1,0,31 1/3,37,2,33,4,15,23,21,2.23,6.03,6,0,0,3,1,0,3,31,35,0.89
고효준,KIA,6.07,24,0,2,0,2,0,46,54,6,29,2,52,39,31,1.8,6.07,6,0,0,1,2,0,5,45,37,1.22
박준표,KIA,6.27,46,4,0,0,5,1,51 2/3,60,4,22,8,33,39,36,1.59,6.27,2,0,4,6,8,0,10,67,46,1.46
심동섭,KIA,6.45,54,5,2,1,13,0.714,37 2/3,45,5,21,4,33,30,27,1.75,6.45,0,0,5,4,19,0,3,32,46,0.7
한기주,KIA,7.62,29,4,3,1,1,0.571,56 2/3,81,11,30,5,27,48,48,1.96,7.62,5,2,2,11,2,0,7,77,53,1.45
정용운,KIA,7.89,12,0,1,0,0,0,21 2/3,31,1,20,0,12,21,19,2.35,7.89,3,0,0,2,1,0,1,16,32,0.5
곽정철,KIA,7.9,27,0,1,2,1,0,27 1/3,34,3,22,2,16,24,24,2.05,7.9,0,0,0,12,6,0,2,22,39,0.56
배힘찬,KIA,7.94,3,0,0,1,0,-,5 2/3,7,1,3,0,2,6,5,1.76,7.94,0,0,0,3,1,0,0,7,8,0.88
전상현,KIA,8.1,8,0,2,0,1,0,13 1/3,19,3,8,0,11,13,12,2.03,8.1,1,0,0,2,0,0,0,7,19,0.37
이준영,KIA,8.66,13,0,2,0,1,0,17 2/3,22,4,11,0,7,17,17,1.87,8.66,1,0,0,2,3,0,0,17,29,0.59
유창식,KIA,20.25,1,0,0,0,0,-,1 1/3,2,1,6,0,0,3,3,6,20.25,0,0,0,0,0,0,1,2,0,-
홍성무,kt,4,8,0,0,0,0,-,9,11,2,1,0,12,6,4,1.33,4,0,0,0,2,0,0,0,6,10,0.6
배우열,kt,4.02,36,1,1,1,4,0.5,40 1/3,47,2,18,0,29,21,18,1.61,4.02,0,0,1,13,5,0,8,42,35,1.2
피어밴드,kt,4.45,31,7,13,0,0,0.35,182,231,23,48,10,144,97,90,1.53,4.45,30,7,0,0,0,0,20,184,173,1.06
김재윤,kt,4.97,52,8,1,14,1,0.889,54 1/3,61,6,15,1,73,31,30,1.4,4.97,0,0,8,31,20,3,1,36,46,0.78
주권,kt,5.1,28,6,8,0,0,0.429,134,162,14,44,5,63,80,76,1.54,5.1,26,6,0,3,0,0,10,154,161,0.96
이창재,kt,5.13,47,3,1,1,2,0.75,40 1/3,48,6,15,2,38,24,23,1.56,5.13,0,0,3,8,3,0,5,35,44,0.8
박세진,kt,5.14,7,0,2,0,0,0,21,24,5,13,0,8,13,12,1.76,5.14,3,0,0,1,0,0,4,26,22,1.18
마리몬,kt,5.23,12,6,4,0,0,0.6,62,60,3,29,6,45,38,36,1.44,5.23,12,6,0,0,0,0,4,80,52,1.54
김사율,kt,5.34,25,0,1,1,1,0,30 1/3,29,4,17,2,27,20,18,1.52,5.34,0,0,0,15,2,1,2,30,36,0.83
심재민,kt,5.47,59,2,3,0,7,0.4,54 1/3,75,4,24,5,30,36,33,1.82,5.47,0,0,2,13,8,0,5,61,53,1.15
고영표,kt,5.59,53,2,4,0,5,0.333,56 1/3,65,6,19,10,62,38,35,1.49,5.59,0,0,2,5,9,0,4,68,34,2
정성곤,kt,5.83,28,0,7,0,0,0,66 1/3,72,4,33,6,46,52,43,1.58,5.83,9,0,0,5,0,0,7,86,51,1.69
밴와트,kt,5.95,28,6,13,0,0,0.316,134 2/3,172,21,49,4,92,103,89,1.64,5.95,27,6,0,0,0,0,13,149,143,1.04
안상빈,kt,6,11,0,0,0,0,-,12,11,2,9,2,12,8,8,1.67,6,0,0,0,4,0,0,1,11,12,0.92
홍성용,kt,6.02,67,2,2,2,12,0.5,46 1/3,66,8,19,4,33,32,31,1.83,6.02,0,0,2,5,20,1,3,50,47,1.06
로위,kt,6.3,14,3,6,0,0,0.333,60,74,6,39,5,68,46,42,1.88,6.3,13,3,0,1,0,0,6,56,49,1.14
장시환,kt,6.33,40,3,12,6,3,0.2,75 1/3,93,7,43,9,67,62,53,1.81,6.33,7,1,2,13,13,1,10,97,51,1.9
김민수,kt,6.75,7,0,0,1,0,-,8,14,1,3,0,6,6,6,2.13,6.75,0,0,0,3,1,0,0,12,6,2
엄상백,kt,6.75,52,1,5,1,8,0.167,73 1/3,93,8,40,4,57,61,55,1.81,6.75,6,0,1,8,9,0,6,60,87,0.69
윤근영,kt,6.75,3,0,0,0,0,-,4,6,0,5,1,1,6,3,2.75,6.75,0,0,0,0,0,0,0,9,3,3
피노,kt,7.15,12,2,3,0,1,0.4,39,62,4,15,4,23,36,31,1.97,7.15,8,2,0,0,1,0,3,35,50,0.7
정대현,kt,7.29,22,4,10,0,0,0.286,91 1/3,115,13,44,5,57,82,74,1.74,7.29,22,4,0,0,0,0,10,102,100,1.02
이상화,kt,7.99,16,0,0,0,0,-,32 2/3,55,7,10,0,24,32,29,1.99,7.99,0,0,0,3,0,0,4,24,46,0.52
조무근,kt,8.61,38,2,0,0,4,1,38 2/3,59,5,27,3,31,37,37,2.22,8.61,0,0,2,5,3,0,6,34,37,0.92
최원재,kt,8.68,10,0,0,0,0,-,9 1/3,12,1,4,0,11,9,9,1.71,8.68,0,0,0,2,0,0,0,6,10,0.6
류희운,kt,10.8,5,0,0,0,0,-,8 1/3,13,1,3,0,3,10,10,1.92,10.8,0,0,0,4,0,0,1,11,10,1.1
채선관,kt,27,1,0,0,0,0,-,1/3,2,0,2,0,0,1,1,12,27,0,0,0,0,0,0,0,0,0,-
이영재,LG,-,1,0,0,0,0,-,0,2,1,2,0,0,4,4,-,-,1,0,0,0,0,0,0,0,0,-
전인환,LG,0,5,0,0,0,0,-,6 1/3,4,0,3,1,5,0,0,1.11,0,0,0,0,2,0,0,1,7,6,1.17
허프,LG,3.13,13,7,2,0,1,0.778,74 2/3,72,2,9,1,46,34,26,1.08,3.13,11,7,0,0,0,0,6,88,80,1.1
정찬헌,LG,3.38,6,0,0,0,0,-,8,7,0,3,1,4,3,3,1.25,3.38,0,0,0,4,0,0,1,11,6,1.83
김지용,LG,3.57,51,3,4,0,17,0.429,63,52,9,18,5,56,25,25,1.11,3.57,0,0,3,9,17,0,3,40,85,0.47
임정우,LG,3.82,67,3,8,28,0,0.273,70 2/3,73,5,36,6,87,31,30,1.54,3.82,0,0,3,54,35,6,7,59,53,1.11
류제국,LG,4.3,29,13,11,0,0,0.542,161 1/3,152,14,70,21,138,83,77,1.38,4.3,29,13,0,1,0,0,16,180,135,1.33
최동환,LG,4.41,26,2,0,1,0,1,34 2/3,30,2,15,4,22,18,17,1.3,4.41,0,0,2,7,2,0,1,25,54,0.46
진해수,LG,4.67,75,0,4,1,17,0,54,57,5,37,2,54,30,28,1.74,4.67,0,0,0,8,18,1,2,59,41,1.44
우규민,LG,4.91,28,6,11,0,1,0.353,132,166,16,36,18,81,89,72,1.53,4.91,24,6,0,1,0,0,14,159,136,1.17
봉중근,LG,4.95,19,1,0,0,2,1,36 1/3,41,4,22,2,20,23,20,1.73,4.95,5,0,1,0,2,0,2,36,52,0.69
신승현,LG,4.96,49,3,1,1,9,0.75,45 1/3,41,3,24,4,31,26,25,1.43,4.96,0,0,3,6,13,1,5,42,53,0.79
소사,LG,5.16,33,10,9,0,0,0.526,199,258,12,38,9,107,121,114,1.49,5.16,33,10,0,0,0,0,21,211,236,0.89
김대현,LG,5.4,1,0,0,0,0,-,1 2/3,3,0,0,1,0,2,1,1.8,5.4,0,0,0,1,0,0,0,3,3,1
이동현,LG,5.4,46,4,3,2,5,0.571,43 1/3,54,5,14,3,38,26,26,1.57,5.4,0,0,4,9,12,0,5,33,48,0.69
이승현,LG,5.49,38,3,1,0,3,0.75,41,46,5,23,4,29,28,25,1.68,5.49,0,0,3,19,5,0,2,38,46,0.83
코프랜드,LG,5.54,13,2,3,0,0,0.4,63 1/3,71,8,42,7,34,53,39,1.78,5.54,13,2,0,0,0,0,9,109,48,2.27
이준형,LG,6.18,25,2,6,0,0,0.25,71 1/3,84,4,45,4,35,54,49,1.81,6.18,13,2,0,2,1,0,10,112,48,2.33
배민관,LG,6.35,2,0,0,0,0,-,5 2/3,5,3,1,0,1,4,4,1.06,6.35,0,0,0,2,0,0,0,7,9,0.78
유원상,LG,6.38,19,2,1,0,1,0.667,24,31,3,13,2,15,18,17,1.83,6.38,0,0,2,1,0,0,2,19,33,0.58
임찬규,LG,6.51,15,3,3,0,1,0.5,47,46,6,32,6,38,35,34,1.66,6.51,10,2,1,2,0,0,3,38,55,0.69
윤지웅,LG,6.55,59,4,2,0,11,0.667,44,48,4,18,4,37,33,32,1.5,6.55,0,0,4,5,18,0,4,56,31,1.81
유경국,LG,6.75,2,0,0,0,0,-,5 1/3,7,1,4,0,0,4,4,2.06,6.75,2,0,0,0,0,0,2,8,6,1.33
최성훈,LG,7.15,28,2,1,0,4,0.667,22 2/3,35,1,11,0,8,22,18,2.03,7.15,0,0,2,4,2,0,0,43,14,3.07
정현욱,LG,7.29,17,1,0,1,3,1,21,22,4,10,4,18,19,17,1.52,7.29,0,0,1,5,1,0,3,30,13,2.31
유재유,LG,13.5,7,0,1,0,0,0,6 2/3,10,2,7,0,3,10,10,2.55,13.5,1,0,0,2,0,0,0,9,7,1.29
장진용,LG,20.25,2,0,0,0,0,-,5 1/3,9,3,6,0,2,12,12,2.81,20.25,2,0,0,0,0,0,0,4,10,0.4
박민석,NC,1.66,21,0,0,1,3,-,21 2/3,10,2,11,6,27,4,4,0.97,1.66,0,0,0,9,6,0,1,22,13,1.69
최성영,NC,1.93,7,0,0,0,0,-,4 2/3,8,0,2,0,4,1,1,2.14,1.93,0,0,0,6,1,0,0,4,3,1.33
임창민,NC,2.57,65,1,3,26,6,0.25,70,61,5,30,5,91,22,20,1.3,2.57,0,0,1,48,31,3,3,51,61,0.84
김선규,NC,2.93,17,1,0,0,0,1,15 1/3,20,1,8,1,6,6,5,1.83,2.93,0,0,1,5,0,0,5,25,10,2.5
원종현,NC,3.18,54,3,3,3,17,0.5,70 2/3,51,4,18,3,75,26,25,0.98,3.18,0,0,3,8,20,0,5,80,55,1.45
해커,NC,3.45,23,13,3,0,0,0.813,140 2/3,132,14,31,10,119,57,54,1.16,3.45,23,13,0,0,0,0,12,172,114,1.51
배재환,NC,4.09,11,1,1,0,0,0.5,22,17,1,9,0,15,11,10,1.18,4.09,1,0,1,4,0,0,2,21,28,0.75
구창모,NC,4.19,39,4,1,0,1,0.8,68 2/3,61,9,37,2,67,32,32,1.43,4.19,9,4,0,7,3,0,8,63,64,0.98
이태양,NC,4.21,10,2,2,0,0,0.5,47,44,7,26,8,27,22,22,1.49,4.21,10,2,0,0,0,0,3,46,54,0.85
장현식,NC,4.48,37,1,3,0,1,0.25,76 1/3,68,5,43,2,59,40,38,1.45,4.48,5,0,1,6,3,0,3,75,83,0.9
김진성,NC,4.48,69,6,8,1,14,0.429,84 1/3,79,15,16,2,100,44,42,1.13,4.48,0,0,6,11,18,0,1,58,88,0.66
스튜어트,NC,4.56,27,12,8,0,0,0.6,150,160,11,55,8,118,79,76,1.43,4.56,27,12,0,0,0,0,13,185,120,1.54
이재학,NC,4.58,26,12,4,0,0,0.75,127 2/3,140,19,54,6,134,72,65,1.52,4.58,24,12,0,1,0,0,9,102,129,0.79
최금강,NC,5,52,11,4,2,4,0.733,108,123,13,36,8,84,65,60,1.47,5,11,5,6,4,7,0,11,113,118,0.96
임정호,NC,5.4,42,1,1,1,7,0.5,23 1/3,25,0,11,6,29,17,14,1.54,5.4,0,0,1,5,11,1,2,20,19,1.05
이민호,NC,5.51,45,9,9,2,3,0.5,130 2/3,159,18,55,6,102,90,80,1.64,5.51,21,6,3,7,5,0,13,138,137,1.01
임서준,NC,5.68,2,0,1,0,0,0,6 1/3,10,0,3,0,4,5,4,2.05,5.68,1,0,0,1,0,0,0,6,8,0.75
민성기,NC,6.04,25,2,0,0,1,1,28 1/3,33,2,15,4,18,20,19,1.69,6.04,0,0,2,7,1,0,3,29,31,0.94
정수민,NC,6.19,15,3,3,0,0,0.5,48,59,4,29,5,31,34,33,1.83,6.19,11,3,0,3,0,0,10,50,47,1.06
박준영,NC,6.95,32,1,3,0,5,0.25,33 2/3,37,4,18,3,33,31,26,1.63,6.95,0,0,1,8,7,0,3,40,25,1.6
박상혁,NC,7.71,2,0,0,0,0,-,2 1/3,3,1,3,0,3,2,2,2.57,7.71,0,0,0,0,0,0,0,3,1,3
강장산,NC,11.57,3,0,1,0,0,0,2 1/3,3,2,3,0,1,3,3,2.57,11.57,0,0,0,1,0,0,0,3,1,3
김학성,NC,14.54,4,0,0,0,0,-,4 1/3,11,0,3,1,0,7,7,3.23,14.54,1,0,0,3,0,0,1,6,6,1
전병두,SK,0,1,0,0,0,0,-,1/3,0,0,0,0,0,0,0,0,0,1,0,0,0,0,0,0,1,0,-
조한욱,SK,0,2,0,0,0,0,-,2 1/3,1,0,4,0,2,0,0,2.14,0,0,0,0,2,0,0,0,4,1,4
박희수,SK,3.29,51,4,5,26,0,0.444,54 2/3,43,3,26,5,37,23,20,1.26,3.29,0,0,4,40,30,3,3,73,51,1.43
켈리,SK,3.68,31,9,8,0,0,0.529,200 1/3,205,15,60,7,152,91,82,1.32,3.68,31,9,0,0,0,0,21,274,137,2
김광현,SK,3.88,27,11,8,0,1,0.579,137,139,17,41,6,116,68,59,1.31,3.88,21,10,1,2,0,0,13,159,116,1.37
김주한,SK,4.25,39,3,1,1,2,0.75,59 1/3,62,6,14,4,50,28,28,1.28,4.25,1,0,3,9,3,0,2,65,57,1.14
김태훈,SK,4.3,15,0,1,0,0,0,14 2/3,15,1,12,1,9,7,7,1.84,4.3,2,0,0,2,0,0,1,26,8,3.25
채병용,SK,4.3,68,6,3,2,9,0.667,83 2/3,77,9,29,3,67,43,40,1.27,4.3,0,0,6,14,17,0,11,79,87,0.91
서진용,SK,4.73,25,0,0,0,3,-,26 2/3,26,3,13,2,30,16,14,1.46,4.73,0,0,0,8,4,0,1,24,24,1
정영일,SK,4.74,21,1,0,0,1,1,24 2/3,16,3,12,3,18,13,13,1.14,4.74,0,0,1,10,0,0,3,24,26,0.92
윤희상,SK,4.84,23,9,6,0,0,0.6,122 2/3,143,18,44,6,74,69,66,1.52,4.84,22,9,0,0,0,0,13,142,125,1.14
박민호,SK,4.91,32,0,1,0,3,0,36 2/3,40,4,9,4,18,20,20,1.34,4.91,0,0,0,13,2,0,2,50,36,1.39
이정담,SK,5.06,6,0,0,0,0,-,5 1/3,6,1,2,0,0,3,3,1.5,5.06,0,0,0,4,0,0,0,8,8,1
전유수,SK,5.13,46,2,4,0,3,0.333,54 1/3,67,6,29,0,45,38,31,1.77,5.13,0,0,2,10,4,0,7,57,54,1.06
세든,SK,5.37,12,5,5,0,0,0.5,62,76,8,17,1,43,52,37,1.5,5.37,12,5,0,0,0,0,4,71,70,1.01
박정배,SK,5.4,49,2,3,2,11,0.4,51 2/3,55,6,17,3,26,34,31,1.39,5.4,0,0,2,14,16,0,4,60,57,1.05
신재웅,SK,5.5,35,0,1,0,4,0,18,16,4,17,3,17,12,11,1.83,5.5,0,0,0,2,8,0,1,21,15,1.4
박종훈,SK,5.66,28,8,13,0,0,0.381,140,141,17,91,23,104,102,88,1.66,5.66,28,8,0,0,0,0,14,168,116,1.45
김승회,SK,5.92,23,1,1,0,4,0.5,24 1/3,29,4,9,0,19,16,16,1.56,5.92,0,0,1,4,4,0,5,25,22,1.14
문승원,SK,6.64,20,4,4,0,0,0.5,63 2/3,86,12,33,3,49,52,47,1.87,6.64,12,4,0,3,0,0,10,72,59,1.22
라라,SK,6.7,17,2,6,0,1,0.25,48 1/3,66,5,30,1,40,46,36,1.99,6.7,9,1,1,1,0,0,7,59,35,1.69
문광은,SK,9.53,17,1,1,0,1,0.5,17,30,6,7,0,13,18,18,2.18,9.53,0,0,1,5,2,0,2,22,13,1.69
임준혁,SK,10.06,12,2,6,0,0,0.25,34,57,6,10,2,20,41,38,1.97,10.06,11,2,0,0,0,0,3,31,49,0.63
이건욱,SK,27,1,0,0,0,0,-,2/3,2,0,0,0,1,2,2,3,27,0,0,0,0,0,0,0,0,1,0
